codon,freq
AAA,0.033676650810738326
AAC,0.02164427342722725
AAG,0.01022949500668631
AAT,0.01749838895324798
ACA,0.0069120424347852
ACC,0.02349483533798457
ACG,0.014396984269478766
ACT,0.008889253107550874
AGA,0.001960820832976358
AGC,0.016082157796907536
AGG,0.0010884343605541255
AGT,0.008673950212136676
ATA,0.004165254284639368
ATC,0.025264193042513008
ATG,0.027863472634554996
ATT,0.030480632051821693
CAA,0.015369199766072287
CAC,0.009708745097016677
CAG,0.028935517155319807
CAT,0.01283398954775217
CCA,0.008404262848330658
CCC,0.005437701846464451
CCG,0.02335999165608156
CCT,0.006938117179904567
CGA,0.0034902908824066244
CGC,0.022091269057844958
CGG,0.005317013026197669
CGT,0.02111085864135678
CTA,0.003876197110173248
CTC,0.01114509105673492
CTG,0.0531284106697857
CTT,0.010976722702535583
GAA,0.03973046163473752
GAC,0.01916642764816974
GAG,0.01780309097478572
GAT,0.03207044651138535
GCA,0.020168442853471108
GCC,0.02565233424843272
GCG,0.033912813502248014
GCT,0.015264900785594821
GGA,0.00781795357950376
GGC,0.029814608562201306
GGG,0.010967782789923228
GGT,0.024829862288096135
GTA,0.01091265332881371
GTC,0.015303640406915023
GTG,0.02632655265794777
GTT,0.018333525789785404
TAA,0.002058414878994558
TAC,0.012209685650322767
TAG,0.00022796777161503246
TAT,0.016038948219281157
TCA,0.0070513560729943865
TCC,0.008618075758309463
TCG,0.008908622918210974
TCT,0.008425867637143846
TGA,0.0009357108534264077
TGC,0.006452381927966654
TGG,0.015205301368179125
TGT,0.005118099970572788
TTA,0.013789070211838679
TTC,0.016570128026998535
TTG,0.013635601711993265
TTT,0.022235052652360324
