codon,freq
AAA,0.022391991570073762
AAC,0.03477344573234984
AAG,0.0026343519494204425
AAT,0.008429926238145416
ACA,0.03530031612223393
ACC,0.04083245521601686
ACG,0.0026343519494204425
ACT,0.0136986301369863
AGA,0.00026343519494204424
AGC,0.010273972602739725
AGG,0.00026343519494204424
AGT,0.0036880927291886197
ATA,0.04399367755532139
ATC,0.051633298208640675
ATG,0.01053740779768177
ATT,0.032665964172813484
CAA,0.02160168598524763
CAC,0.020811380400421495
CAG,0.002107481559536354
CAT,0.004741833508956797
CCA,0.0136986301369863
CCC,0.031348788198103265
CCG,0.0018440463645943098
CCT,0.010800842992623814
CGA,0.007376185458377239
CGC,0.00684931506849315
CGG,0.0005268703898840885
CGT,0.0018440463645943098
CTA,0.07270811380400422
CTC,0.04399367755532139
CTG,0.01185458377239199
CTT,0.017123287671232876
GAA,0.01685985247629083
GAC,0.013435194942044258
GAG,0.006322444678609062
GAT,0.003951527924130664
GCA,0.02107481559536354
GCC,0.032665964172813484
GCG,0.002107481559536354
GCT,0.011327713382507903
GGA,0.017650158061116965
GGC,0.02291886195995785
GGG,0.008956796628029505
GGT,0.006322444678609062
GTA,0.0184404636459431
GTC,0.012644889357218124
GTG,0.004741833508956797
GTT,0.008166491043203371
TAA,0.0007903055848261328
TAC,0.02344573234984194
TAG,0.0005268703898840885
TAT,0.012118018967334035
TCA,0.021865121180189673
TCC,0.026080084299262382
TCG,0.0018440463645943098
TCT,0.008429926238145416
TGA,0.024499473129610115
TGC,0.004478398314014752
TGG,0.002897787144362487
TGT,0.0013171759747102212
TTA,0.019230769230769232
TTC,0.03661749209694415
TTG,0.004741833508956797
TTT,0.020284510010537406
